contadorpf,idpedidos,cliente,nomePedido,numF,numeM,descricaoPedido,descricaoAlianca,largura,gravacaoInterna,gravacaoExterna,imagem,PedraF,PedraM,parEstoqueF,parEstoqueM,pdf,data_digitada
1,PF1-2025-04-23,Mercado_Livre,"CONTA 15",15,20,"QUEM RECEBE: Vanderlei Almeida de Augusto","Par Banhada
Anel 15",3mm,"Vanderlei
Mônica",,../imagem/PF1-2025-04-23.png,true,,true,,./pedidos/PDF/PF1-2025-04-23.pdf,2025-04-23
2,PF2-2025-04-23,Mercado_Livre,"CONTA 15",19,18,"QUEM RECEBE: Gisele Bezerra Alves ","Par Banhada
Anel 15",3mm,"Gustavo
Gisele",,../imagem/PF2-2025-04-23.png,true,,,true,./pedidos/PDF/PF2-2025-04-23.pdf,2025-04-23
