contadorpg,idpedidos,cliente,nomePedido,numF,numeM,descricaoPedido,descricaoAlianca,largura,gravacaoInterna,gravacaoExterna,imagem,parEstoqueF,parEstoqueM,PedraF,PedraM,pdf,data_digitada
1,PG1-2025-04-23,Mercado_Livre,"CONTA 15",19,18,"QUEM RECEBE: Gisele Bezerra Alves ","Par Banhada
Anel 15",3mm,"Gustavo
Gisele",,../imagem/PG1-2025-04-23.png,true,true,true,,./pedidos/PDF/PG1-2025-04-23.pdf,2025-04-23
2,PG2-2025-04-23,Mercado_Livre,"CONTA 15",19,18,"QUEM RECEBE: Gisele Bezerra Alves ","Par Banhada
Anel 15",3mm,"Gustavo
Gisele",,../imagem/PG2-2025-04-23.png,,true,true,,./pedidos/PDF/PG2-2025-04-23.pdf,2025-04-23
